{
  "n_shifts": 56,
  "n_employees": 30,
  "n_expertises": 3,
  "contract": [
    64,
    64,
    50,
    15,
    116,
    115,
    90,
    27,
    104,
    49,
    84,
    118,
    66,
    17,
    104,
    91,
    74,
    32,
    92,
    0,
    91,
    15,
    103,
    25,
    97,
    72,
    48,
    84,
    61,
    69
  ],
  "employee_expertises": [
    {
      "set": [
        1,
        2,
        3
      ]
    },
    {
      "set": [
        1,
        3,
        2
      ]
    },
    {
      "set": [
        3,
        2
      ]
    },
    {
      "set": [
        2,
        3
      ]
    },
    {
      "set": [
        3
      ]
    },
    {
      "set": [
        1
      ]
    },
    {
      "set": [
        1,
        2,
        3
      ]
    },
    {
      "set": [
        1,
        2
      ]
    },
    {
      "set": [
        3,
        2,
        1
      ]
    },
    {
      "set": [
        1
      ]
    },
    {
      "set": [
        3,
        1,
        2
      ]
    },
    {
      "set": [
        1,
        3
      ]
    },
    {
      "set": [
        3,
        1,
        2
      ]
    },
    {
      "set": [
        2,
        1,
        3
      ]
    },
    {
      "set": [
        3,
        1
      ]
    },
    {
      "set": [
        1,
        2
      ]
    },
    {
      "set": [
        3
      ]
    },
    {
      "set": [
        1
      ]
    },
    {
      "set": [
        2,
        1
      ]
    },
    {
      "set": [
        3,
        1,
        2
      ]
    },
    {
      "set": [
        2
      ]
    },
    {
      "set": [
        3,
        2,
        1
      ]
    },
    {
      "set": [
        2,
        3
      ]
    },
    {
      "set": [
        3
      ]
    },
    {
      "set": [
        1,
        2
      ]
    },
    {
      "set": [
        3,
        2
      ]
    },
    {
      "set": [
        3
      ]
    },
    {
      "set": [
        3,
        2,
        1
      ]
    },
    {
      "set": [
        2,
        3,
        1
      ]
    },
    {
      "set": [
        1,
        3,
        2
      ]
    }
  ],
  "start_time": [
    0,
    0,
    0,
    2,
    2,
    2,
    4,
    6,
    8,
    8,
    10,
    10,
    12,
    14,
    16,
    16,
    16,
    18,
    18,
    18,
    20,
    22,
    24,
    24,
    26,
    26,
    28,
    30,
    32,
    32,
    32,
    34,
    34,
    34,
    36,
    38,
    40,
    40,
    42,
    42,
    44,
    46,
    48,
    48,
    48,
    50,
    50,
    50,
    52,
    54,
    56,
    56,
    58,
    58,
    60,
    62
  ],
  "stop_time": [
    3,
    7,
    15,
    5,
    9,
    17,
    7,
    9,
    11,
    15,
    13,
    17,
    15,
    17,
    19,
    23,
    31,
    21,
    25,
    33,
    23,
    25,
    27,
    31,
    29,
    33,
    31,
    33,
    35,
    39,
    47,
    37,
    41,
    49,
    39,
    41,
    43,
    47,
    45,
    49,
    47,
    49,
    51,
    55,
    63,
    53,
    57,
    65,
    55,
    57,
    59,
    63,
    61,
    65,
    63,
    65
  ],
  "req_expertise": [
    3,
    3,
    1,
    1,
    2,
    2,
    2,
    3,
    1,
    3,
    2,
    3,
    1,
    2,
    3,
    1,
    3,
    2,
    2,
    3,
    3,
    1,
    1,
    2,
    2,
    1,
    1,
    3,
    1,
    3,
    1,
    2,
    2,
    3,
    2,
    2,
    2,
    2,
    3,
    2,
    1,
    3,
    1,
    3,
    1,
    2,
    2,
    3,
    2,
    3,
    3,
    1,
    1,
    3,
    1,
    2
  ],
  "time_units_per_hour": 4
}