{
  "opDur": [
    6,
    2,
    5,
    2,
    4,
    2,
    6,
    4,
    3,
    3,
    5,
    4,
    6,
    4,
    4,
    6,
    6,
    3,
    4,
    5,
    5,
    2,
    2,
    6,
    3,
    4,
    3,
    3,
    3,
    5,
    5,
    6,
    5,
    2,
    5,
    6,
    5,
    2,
    3,
    5
  ],
  "cNum": [
    1,
    3,
    2,
    4,
    5,
    4,
    5,
    5,
    1,
    1,
    4,
    3,
    3,
    4,
    1,
    4,
    2,
    5,
    1,
    2,
    1,
    4,
    4,
    3,
    1,
    2,
    1,
    1,
    5,
    5,
    1,
    2,
    1,
    5,
    2,
    3,
    3,
    2,
    1,
    4
  ],
  "xCoor": [
    14,
    13,
    11,
    3,
    1,
    9,
    8,
    4,
    9,
    5,
    11,
    12,
    2,
    5,
    9,
    14,
    1,
    2,
    2,
    4,
    11,
    9,
    18,
    6,
    12,
    2,
    16,
    15,
    14,
    6,
    14,
    9,
    3,
    7,
    7,
    10,
    5,
    1,
    5,
    3
  ],
  "FA": [
    {
      "set": [
        5,
        8,
        9,
        20,
        23,
        27,
        33,
        34,
        40
      ]
    },
    {
      "set": [
        11,
        12,
        18,
        22,
        25
      ]
    },
    {
      "set": [
        1,
        2,
        3,
        4,
        6,
        10,
        14,
        15,
        19,
        24,
        28,
        30,
        31,
        38,
        39
      ]
    },
    {
      "set": [
        16,
        21,
        29,
        32,
        36,
        37
      ]
    },
    {
      "set": [
        7,
        13,
        17,
        26,
        35
      ]
    }
  ],
  "airlines": 5,
  "flights": 40,
  "times": 20
}