{
  "opDur": [
    5,
    6,
    5,
    5,
    2,
    2,
    5,
    6,
    6,
    3,
    3,
    3,
    3,
    3,
    3,
    2,
    6,
    3,
    5,
    4,
    6,
    4,
    4,
    2,
    5,
    4,
    3,
    4,
    6,
    4,
    6,
    3,
    5,
    6,
    4,
    3,
    5,
    4,
    5,
    5,
    6,
    4,
    5,
    5,
    2,
    3,
    3,
    2,
    6,
    6,
    6,
    2,
    3,
    6,
    6,
    6,
    2,
    4,
    6,
    3,
    5,
    2,
    2,
    2,
    2,
    4,
    5,
    4,
    2,
    5,
    4,
    6,
    4,
    5,
    3,
    3,
    6,
    6,
    2,
    6,
    3,
    2,
    3,
    6,
    5,
    6,
    3,
    5,
    5,
    4,
    2,
    6,
    3,
    5,
    3,
    5,
    6,
    2,
    5,
    2,
    6,
    5,
    4,
    3,
    6,
    5,
    2,
    5,
    6,
    2,
    4,
    6,
    5,
    6,
    5,
    5,
    4,
    3,
    3,
    6,
    4,
    3,
    4,
    6,
    3,
    5,
    2,
    2,
    5,
    5,
    6,
    5,
    6,
    2,
    4,
    5,
    3,
    2,
    4,
    3
  ],
  "cNum": [
    3,
    1,
    2,
    1,
    2,
    5,
    5,
    2,
    1,
    1,
    4,
    5,
    5,
    4,
    1,
    4,
    5,
    3,
    3,
    1,
    1,
    2,
    2,
    4,
    3,
    3,
    2,
    1,
    4,
    3,
    5,
    3,
    1,
    1,
    3,
    5,
    4,
    2,
    3,
    4,
    2,
    2,
    3,
    2,
    4,
    3,
    3,
    4,
    5,
    2,
    1,
    4,
    3,
    5,
    4,
    2,
    3,
    3,
    4,
    3,
    3,
    4,
    3,
    1,
    4,
    3,
    1,
    4,
    2,
    3,
    2,
    2,
    3,
    4,
    2,
    1,
    4,
    4,
    4,
    5,
    4,
    5,
    5,
    2,
    4,
    5,
    3,
    4,
    2,
    3,
    5,
    1,
    1,
    4,
    3,
    4,
    2,
    4,
    1,
    5,
    1,
    4,
    1,
    3,
    2,
    3,
    2,
    1,
    2,
    3,
    1,
    2,
    1,
    1,
    4,
    5,
    1,
    2,
    1,
    5,
    5,
    2,
    1,
    4,
    2,
    1,
    5,
    5,
    4,
    1,
    5,
    2,
    2,
    2,
    4,
    4,
    4,
    1,
    4,
    2
  ],
  "xCoor": [
    49,
    6,
    79,
    35,
    4,
    75,
    45,
    48,
    44,
    59,
    18,
    77,
    67,
    12,
    33,
    14,
    14,
    35,
    4,
    19,
    18,
    49,
    27,
    74,
    41,
    26,
    54,
    66,
    65,
    16,
    72,
    14,
    61,
    16,
    66,
    58,
    61,
    23,
    59,
    71,
    44,
    17,
    54,
    33,
    49,
    11,
    73,
    65,
    43,
    30,
    59,
    32,
    45,
    62,
    53,
    4,
    58,
    1,
    71,
    52,
    58,
    29,
    55,
    31,
    33,
    62,
    61,
    19,
    30,
    57,
    37,
    47,
    63,
    77,
    20,
    67,
    12,
    25,
    39,
    67,
    81,
    16,
    8,
    20,
    44,
    5,
    43,
    80,
    21,
    60,
    50,
    25,
    53,
    64,
    25,
    22,
    51,
    7,
    44,
    67,
    25,
    42,
    24,
    67,
    70,
    77,
    75,
    56,
    20,
    82,
    80,
    64,
    74,
    28,
    77,
    57,
    5,
    32,
    63,
    78,
    41,
    72,
    26,
    1,
    6,
    8,
    18,
    32,
    57,
    79,
    29,
    14,
    67,
    55,
    37,
    44,
    64,
    25,
    21,
    48
  ],
  "FA": [
    {
      "set": [
        19,
        27,
        38,
        44,
        46,
        73,
        78,
        97,
        100,
        139
      ]
    },
    {
      "set": [
        18,
        63,
        82,
        93,
        115
      ]
    },
    {
      "set": [
        8,
        22,
        35,
        36,
        43,
        62,
        67,
        108,
        112,
        140
      ]
    },
    {
      "set": [
        11,
        52,
        74,
        79,
        86,
        105,
        110,
        119
      ]
    },
    {
      "set": [
        9,
        12,
        28,
        49,
        64,
        76,
        77,
        103,
        113,
        136
      ]
    },
    {
      "set": [
        98,
        122,
        128
      ]
    },
    {
      "set": [
        16,
        21,
        26,
        39,
        90,
        121,
        125,
        132,
        133
      ]
    },
    {
      "set": [
        10,
        45,
        55,
        60,
        81,
        117,
        123
      ]
    },
    {
      "set": [
        51,
        54,
        61,
        83,
        84,
        101,
        109,
        129,
        137
      ]
    },
    {
      "set": [
        31,
        42,
        88
      ]
    },
    {
      "set": [
        6,
        59,
        65,
        71,
        94,
        102,
        135
      ]
    },
    {
      "set": [
        2,
        17,
        41,
        48,
        87,
        89,
        104,
        118,
        127,
        130
      ]
    },
    {
      "set": [
        4,
        13,
        20,
        32,
        56,
        57,
        72,
        85,
        124
      ]
    },
    {
      "set": [
        23,
        24,
        40,
        70,
        75,
        80,
        107
      ]
    },
    {
      "set": [
        3,
        5,
        7,
        14,
        50,
        53,
        126,
        134
      ]
    },
    {
      "set": [
        30,
        37,
        66,
        69,
        99,
        114
      ]
    },
    {
      "set": [
        29,
        47,
        58,
        68,
        95,
        111,
        116
      ]
    },
    {
      "set": [
        1,
        15,
        25,
        33,
        34,
        91,
        92,
        96,
        106,
        120,
        131,
        138
      ]
    }
  ],
  "airlines": 18,
  "flights": 140,
  "times": 85
}