{
  "opDur": [
    2,
    6,
    5,
    4,
    6,
    3,
    4,
    3,
    3,
    3,
    2,
    6,
    4,
    5,
    2,
    2,
    3,
    3,
    2,
    2,
    6,
    5,
    6,
    4,
    6,
    3,
    3,
    6,
    5,
    6
  ],
  "cNum": [
    3,
    4,
    4,
    3,
    1,
    3,
    5,
    1,
    4,
    5,
    3,
    2,
    2,
    1,
    3,
    1,
    2,
    3,
    2,
    3,
    4,
    1,
    1,
    2,
    2,
    1,
    5,
    5,
    5,
    1
  ],
  "xCoor": [
    1,
    2,
    4,
    10,
    2,
    7,
    2,
    6,
    2,
    1,
    10,
    1,
    4,
    3,
    12,
    2,
    8,
    4,
    12,
    13,
    1,
    1,
    9,
    7,
    2,
    5,
    2,
    4,
    2,
    5
  ],
  "FA": [
    {
      "set": [
        4,
        6,
        7,
        15,
        20,
        23
      ]
    },
    {
      "set": [
        3,
        9,
        13,
        14,
        16,
        17,
        22,
        30
      ]
    },
    {
      "set": [
        1,
        10,
        11,
        18,
        19,
        26,
        27,
        29
      ]
    },
    {
      "set": [
        2,
        5,
        8,
        12,
        21,
        24,
        25,
        28
      ]
    }
  ],
  "airlines": 4,
  "flights": 30,
  "times": 15
}