{
  "num_offers": 100,
  "start": [
    77,
    34,
    8,
    3,
    56,
    79,
    37,
    61,
    55,
    56,
    9,
    24,
    28,
    99,
    87,
    5,
    82,
    97,
    55,
    54,
    46,
    46,
    66,
    19,
    23,
    29,
    30,
    8,
    47,
    9,
    58,
    42,
    28,
    29,
    33,
    20,
    89,
    91,
    67,
    49,
    14,
    62,
    88,
    94,
    79,
    1,
    61,
    40,
    34,
    100,
    90,
    38,
    27,
    17,
    89,
    82,
    49,
    85,
    5,
    99,
    49,
    59,
    69,
    4,
    17,
    30,
    64,
    83,
    13,
    38,
    90,
    80,
    56,
    26,
    67,
    43,
    13,
    32,
    32,
    63,
    74,
    15,
    23,
    64,
    46,
    91,
    83,
    77,
    82,
    80,
    56,
    52,
    71,
    54,
    97,
    4,
    81,
    52,
    19,
    55
  ],
  "end": [
    138,
    86,
    90,
    97,
    156,
    136,
    107,
    140,
    161,
    155,
    87,
    134,
    86,
    185,
    151,
    121,
    195,
    175,
    103,
    170,
    103,
    138,
    169,
    97,
    80,
    110,
    92,
    63,
    144,
    102,
    106,
    148,
    147,
    90,
    149,
    115,
    196,
    165,
    177,
    97,
    107,
    114,
    185,
    149,
    155,
    51,
    164,
    95,
    116,
    150,
    179,
    88,
    80,
    71,
    139,
    201,
    133,
    175,
    89,
    155,
    162,
    164,
    159,
    90,
    83,
    120,
    176,
    159,
    99,
    112,
    166,
    152,
    140,
    110,
    180,
    129,
    96,
    152,
    77,
    169,
    151,
    89,
    86,
    139,
    111,
    146,
    161,
    173,
    152,
    142,
    122,
    167,
    125,
    139,
    191,
    76,
    146,
    101,
    121,
    127
  ],
  "price": [
    67760,
    15171,
    63861,
    57982,
    88843,
    64448,
    95018,
    88685,
    28489,
    24215,
    13041,
    56950,
    17948,
    149261,
    90288,
    213695,
    157653,
    4056,
    79568,
    66027,
    57805,
    99208,
    138308,
    24661,
    33952,
    4779,
    50678,
    37708,
    70014,
    133346,
    35416,
    109095,
    105362,
    71065,
    77464,
    68542,
    12526,
    6393,
    5485,
    52776,
    9845,
    33166,
    21986,
    38654,
    85591,
    33893,
    27095,
    45540,
    28848,
    29910,
    7916,
    24667,
    24613,
    97693,
    3480,
    159523,
    7194,
    111192,
    48195,
    73593,
    66263,
    169746,
    4026,
    64826,
    26037,
    18595,
    8086,
    26744,
    84320,
    117758,
    20718,
    102924,
    137568,
    73500,
    55799,
    104485,
    3801,
    144144,
    31603,
    124338,
    55722,
    88730,
    53886,
    92386,
    114205,
    88330,
    91904,
    135977,
    43586,
    14415,
    36880,
    152413,
    100656,
    74278,
    35720,
    33715,
    94423,
    5096,
    174889,
    13622
  ],
  "num_halls": 20,
  "capacity": [
    5988,
    2626,
    9868,
    3237,
    7542,
    5605,
    7754,
    4486,
    8516,
    6787,
    953,
    8712,
    4673,
    2472,
    5198,
    4755,
    906,
    9765,
    1883,
    5818
  ],
  "requirement": [
    6665,
    1945,
    5192,
    3701,
    4846,
    8480,
    7404,
    5613,
    1466,
    1223,
    1254,
    3883,
    2063,
    8678,
    7695,
    9211,
    7610,
    260,
    9946,
    2846,
    7606,
    7189,
    8952,
    1897,
    3249,
    354,
    4087,
    5142,
    3609,
    8603,
    4919,
    5146,
    4427,
    5825,
    4452,
    4810,
    878,
    576,
    272,
    7330,
    794,
    3479,
    1360,
    5271,
    7508,
    5084,
    1973,
    4140,
    1919,
    3263,
    593,
    3289,
    2322,
    9868,
    522,
    7312,
    571,
    9266,
    3825,
    7885,
    2932,
    8818,
    244,
    3769,
    2367,
    1127,
    361,
    2346,
    5348,
    9548,
    1487,
    8577,
    8933,
    4375,
    3292,
    6627,
    229,
    9009,
    4682,
    5865,
    4342,
    8993,
    6415,
    6719,
    8785,
    8760,
    8837,
    7726,
    4670,
    1550,
    3048,
    7952,
    9320,
    6554,
    2280,
    3512,
    8716,
    520,
    8573,
    946
  ]
}