{
  "num_offers": 60,
  "start": [
    93,
    62,
    7,
    95,
    66,
    39,
    27,
    70,
    10,
    71,
    41,
    44,
    38,
    67,
    18,
    5,
    57,
    47,
    96,
    5,
    4,
    41,
    54,
    96,
    21,
    72,
    6,
    91,
    76,
    90,
    85,
    81,
    68,
    55,
    24,
    26,
    30,
    15,
    76,
    17,
    76,
    65,
    16,
    93,
    35,
    59,
    26,
    8,
    47,
    59,
    43,
    79,
    93,
    46,
    29,
    82,
    2,
    2,
    63,
    5
  ],
  "end": [
    159,
    139,
    122,
    145,
    112,
    113,
    82,
    182,
    77,
    120,
    153,
    114,
    109,
    168,
    99,
    81,
    164,
    156,
    188,
    91,
    99,
    95,
    123,
    164,
    90,
    155,
    125,
    190,
    181,
    181,
    132,
    188,
    115,
    113,
    142,
    126,
    149,
    103,
    164,
    71,
    174,
    134,
    126,
    201,
    152,
    174,
    135,
    114,
    165,
    161,
    148,
    145,
    172,
    158,
    112,
    199,
    97,
    116,
    141,
    82
  ],
  "price": [
    62714,
    3927,
    19573,
    56970,
    58236,
    73075,
    28622,
    157210,
    90614,
    31675,
    132686,
    58779,
    23401,
    107548,
    107885,
    15017,
    34275,
    129426,
    3946,
    61504,
    170335,
    7092,
    70656,
    71456,
    4761,
    74921,
    123046,
    68098,
    170677,
    11089,
    30304,
    20529,
    51549,
    17956,
    27966,
    36716,
    107359,
    99894,
    75015,
    28152,
    7121,
    42752,
    183920,
    205308,
    142576,
    87216,
    80311,
    111176,
    109944,
    118646,
    120645,
    11572,
    35392,
    139195,
    43093,
    12339,
    51224,
    57440,
    42525,
    101116
  ],
  "num_halls": 50,
  "capacity": [
    6056,
    5951,
    807,
    644,
    9659,
    3962,
    8183,
    3778,
    4862,
    5339,
    9522,
    9044,
    4618,
    4325,
    3492,
    3952,
    6913,
    1479,
    4409,
    9598,
    7915,
    1079,
    5929,
    5852,
    7164,
    2461,
    762,
    9716,
    3531,
    8783,
    2034,
    3528,
    4077,
    4184,
    3392,
    5483,
    2102,
    1463,
    5642,
    2896,
    1529,
    7760,
    2958,
    4283,
    1206,
    5189,
    6141,
    1455,
    1962,
    7750
  ],
  "requirement": [
    5183,
    340,
    851,
    7596,
    7596,
    5925,
    3903,
    8422,
    7377,
    3526,
    7898,
    5598,
    2472,
    6389,
    7265,
    988,
    1922,
    5937,
    234,
    4291,
    8965,
    985,
    5120,
    6305,
    345,
    5416,
    5640,
    5159,
    9753,
    914,
    3517,
    1439,
    5484,
    2064,
    1185,
    2203,
    4921,
    6811,
    5683,
    3910,
    545,
    3098,
    8360,
    9505,
    6093,
    5056,
    4912,
    6293,
    6988,
    8724,
    7660,
    1315,
    3360,
    6779,
    3894,
    791,
    4044,
    3779,
    4089,
    6566
  ]
}