{
  "num_offers": 150,
  "start": [
    21,
    99,
    87,
    23,
    32,
    76,
    79,
    59,
    14,
    1,
    26,
    73,
    47,
    84,
    82,
    22,
    35,
    13,
    11,
    39,
    30,
    49,
    39,
    70,
    18,
    39,
    18,
    39,
    69,
    16,
    39,
    67,
    13,
    99,
    98,
    27,
    57,
    52,
    82,
    97,
    13,
    4,
    51,
    62,
    83,
    1,
    38,
    89,
    61,
    61,
    48,
    24,
    27,
    62,
    71,
    26,
    67,
    95,
    69,
    83,
    29,
    18,
    56,
    90,
    96,
    26,
    92,
    47,
    63,
    30,
    7,
    32,
    15,
    47,
    9,
    90,
    6,
    28,
    56,
    43,
    95,
    53,
    58,
    57,
    59,
    85,
    77,
    96,
    79,
    84,
    83,
    58,
    48,
    6,
    27,
    88,
    34,
    17,
    67,
    98,
    95,
    14,
    98,
    54,
    26,
    42,
    14,
    1,
    95,
    83,
    29,
    26,
    92,
    50,
    25,
    39,
    40,
    85,
    100,
    48,
    30,
    4,
    87,
    32,
    77,
    36,
    40,
    24,
    86,
    90,
    15,
    2,
    45,
    94,
    20,
    89,
    73,
    97,
    50,
    63,
    59,
    100,
    88,
    15,
    29,
    77,
    45,
    8,
    11,
    31
  ],
  "end": [
    87,
    169,
    186,
    85,
    125,
    172,
    199,
    149,
    69,
    50,
    141,
    176,
    165,
    174,
    163,
    114,
    122,
    105,
    57,
    98,
    124,
    132,
    118,
    122,
    128,
    145,
    98,
    90,
    176,
    101,
    138,
    170,
    132,
    215,
    208,
    100,
    123,
    162,
    132,
    193,
    90,
    73,
    136,
    132,
    142,
    67,
    136,
    187,
    178,
    138,
    109,
    80,
    105,
    137,
    151,
    144,
    135,
    198,
    168,
    130,
    92,
    102,
    166,
    152,
    159,
    123,
    141,
    151,
    172,
    138,
    118,
    82,
    109,
    105,
    91,
    187,
    110,
    86,
    169,
    142,
    192,
    101,
    136,
    109,
    141,
    163,
    163,
    205,
    127,
    146,
    197,
    110,
    120,
    91,
    84,
    153,
    117,
    114,
    178,
    161,
    150,
    126,
    206,
    165,
    79,
    141,
    105,
    65,
    198,
    179,
    115,
    107,
    200,
    166,
    79,
    151,
    102,
    132,
    156,
    119,
    121,
    110,
    197,
    95,
    144,
    97,
    139,
    74,
    140,
    180,
    99,
    79,
    136,
    186,
    104,
    186,
    169,
    202,
    151,
    155,
    145,
    197,
    152,
    76,
    135,
    154,
    122,
    107,
    129,
    136
  ],
  "price": [
    7876,
    68866,
    130531,
    93002,
    71250,
    118238,
    49544,
    89052,
    24956,
    77135,
    44453,
    60440,
    87430,
    22464,
    148489,
    114288,
    112868,
    74618,
    22110,
    54917,
    128122,
    84427,
    59513,
    35435,
    5324,
    112515,
    87354,
    13342,
    78538,
    125617,
    118628,
    144004,
    20158,
    164696,
    93412,
    88519,
    106310,
    56100,
    49270,
    44510,
    35666,
    72979,
    29665,
    20118,
    52755,
    21595,
    101710,
    126934,
    116344,
    89494,
    26728,
    76468,
    27591,
    12330,
    46977,
    143429,
    75874,
    59588,
    146942,
    45496,
    8883,
    111526,
    20797,
    41090,
    4510,
    123241,
    39271,
    105003,
    106340,
    81813,
    102136,
    59791,
    82259,
    70924,
    88789,
    67642,
    43097,
    71815,
    11119,
    95634,
    49906,
    70048,
    29343,
    77797,
    53283,
    3920,
    55818,
    111387,
    18316,
    75361,
    145331,
    47008,
    119433,
    79577,
    47165,
    29386,
    101641,
    18565,
    33485,
    79468,
    54127,
    117107,
    3834,
    114655,
    41901,
    34659,
    87370,
    27274,
    53148,
    154540,
    45959,
    76318,
    124070,
    71378,
    31491,
    16471,
    82608,
    59110,
    47421,
    100137,
    116055,
    151502,
    133826,
    81993,
    86339,
    13621,
    74982,
    38293,
    7264,
    89496,
    25242,
    73735,
    109576,
    101678,
    77294,
    31492,
    49348,
    23504,
    60532,
    113712,
    104115,
    138300,
    45397,
    70692,
    159106,
    19932,
    104822,
    146718,
    82995,
    126644
  ],
  "num_halls": 20,
  "capacity": [
    5289,
    7766,
    9409,
    9577,
    7925,
    5118,
    4525,
    681,
    5481,
    8202,
    2937,
    3751,
    3727,
    3473,
    5517,
    1680,
    4706,
    3261,
    6916,
    5454
  ],
  "requirement": [
    895,
    4919,
    8790,
    8182,
    5746,
    8211,
    2252,
    7421,
    2475,
    7871,
    2577,
    3912,
    5557,
    1248,
    9166,
    9317,
    9730,
    6083,
    2884,
    6981,
    6815,
    5086,
    4520,
    3717,
    264,
    7961,
    5956,
    1427,
    4404,
    8061,
    6536,
    7626,
    847,
    7099,
    4246,
    8084,
    8786,
    2550,
    5375,
    2529,
    3474,
    6346,
    2094,
    1916,
    5365,
    2454,
    7784,
    8635,
    7458,
    8717,
    2629,
    8193,
    2653,
    1096,
    3203,
    6630,
    5579,
    4339,
    8096,
    4840,
    705,
    7242,
    1418,
    3615,
    537,
    9529,
    5343,
    6731,
    4878,
    4132,
    5019,
    7175,
    5834,
    7337,
    5414,
    4649,
    2072,
    6191,
    656,
    4830,
    3430,
    9729,
    1881,
    9974,
    4332,
    377,
    4327,
    5574,
    1908,
    6630,
    7649,
    4931,
    9048,
    4681,
    6206,
    2466,
    8164,
    1044,
    1810,
    6307,
    7381,
    5228,
    213,
    7747,
    3953,
    2334,
    5237,
    2557,
    3440,
    8049,
    2915,
    4711,
    5744,
    3692,
    3499,
    1103,
    9993,
    7546,
    4619,
    7693,
    7652,
    7796,
    6083,
    7099,
    7029,
    1218,
    3787,
    5744,
    1009,
    5424,
    1803,
    6384,
    9031,
    8289,
    5521,
    2435,
    3427,
    1221,
    4495,
    8240,
    8071,
    7777,
    5320,
    7726,
    9006,
    1412,
    8168,
    9880,
    4689,
    9046
  ]
}